SubjID,prcntFWD
sub-016,0.08388521
sub-030,0.524834437
sub-088,0.076710817
sub-100,0.155629139
sub-116,0.051324503
sub-048,NA
sub-056,NA