SubjID,prcntFWD
sub-016,0.0838852097130243
sub-030,0.524834437086093
sub-088,0.0767108167770419
sub-100,0.155629139072848
sub-116,0.0513245033112583
sub-048,NA
